<?xml version="1.0" encoding="UTF-8"?>
<project-private xmlns="http://www.netbeans.org/ns/project-private/1">
    <editor-bookmarks xmlns="http://www.netbeans.org/ns/editor-bookmarks/2" lastBookmarkId="0"/>
    <open-files xmlns="http://www.netbeans.org/ns/projectui-open-files/2">
        <group>
            <file>file:/C:/Users/narges/Desktop/FinalProjectjava/src/finalprojectjava/FinalProjectjava.java</file>
            <file>file:/C:/Users/narges/Desktop/FinalProjectjava/src/finalprojectjava/clas.java</file>
            <file>file:/C:/Users/narges/Desktop/FinalProjectjava/src/finalprojectjava/student.java</file>
            <file>file:/C:/Users/narges/Desktop/FinalProjectjava/src/finalprojectjava/maneger.java</file>
            <file>file:/C:/Users/narges/Desktop/FinalProjectjava/src/finalprojectjava/teacher.java</file>
            <file>file:/C:/Users/narges/Desktop/FinalProjectjava/src/finalprojectjava/studentlist.java</file>
            <file>file:/C:/Users/narges/Desktop/FinalProjectjava/src/finalprojectjava/Grade.java</file>
        </group>
    </open-files>
</project-private>
